SsnK_60KgXA	0.5	6.2	filas_tin_anapiri
SsnK_60KgXA	6.0	11.2	erotevmeni_kataramei
SsnK_60KgXA	11.0	14.3	me_ton_nandito_mou
L9oskLmy6ZU	15.2	22.4	sou_to_eixa_pei
L9oskLmy6ZU	24.6	31.0	tha_to_metanioseis
wpZMUFoqU4I	10.5	16.9	poso_se_miso
wpZMUFoqU4I	20	25.8	anathema_se
Osy86ggChTc	0.4	2.2	ti_koutsompolevete
Osy86ggChTc	18.5	22.7	pou_einai_i_anapiri
Osy86ggChTc	29.1	31.0	xoris_tin_adeia_mou
4Pi73NPrf94	37.7	38.5	katalavate
4Pi73NPrf94	41.3	42.7	fysika_o_ti_po_ego
4Pi73NPrf94	18.1	21.0	eimai_i_kyria
VCGYZQh6zz0	212.8	215.0	parakatiani
VCGYZQh6zz0	248.6	257.6	vouloste_to
VCGYZQh6zz0	5.9	8.5	kataramei_fonissa
VCGYZQh6zz0	375.8	377.83	paliogria
Y8KCsvsVlpQ	1.9	5.3	fygete
